institution,affiliation
Laico católico,Laico católico
Laico protestante,Otro
-,-
Clero secular,Clero secular
Jesuita,Jesuita
Agustino,Otra orden religiosa católica
Redentorista,Otra orden religiosa católica
Franciscano,Franciscano
Mercedario,Otra orden religiosa católica
Jerónimo,Otra orden religiosa católica
Dominico,Dominico
Cisterciense,Otra orden religiosa católica
Benedictino,Otra orden religiosa católica
Paulino,Otra orden religiosa católica
Cartujo,Otra orden religiosa católica
Teatino,Otra orden religiosa católica
Carmelita,Otra orden religiosa católica
Clérigo regular menor,Otra orden religiosa católica
Pagano,Pagano
Camiliano,Otra orden religiosa católica
Barnabita,Otra orden religiosa católica
Franciscano (recoleto),Franciscano
Oratoriano,Otra orden religiosa católica
Leonardino,Otra orden religiosa católica
Canónigo regular de Saint-Cheron,Otra orden religiosa católica
Trinitario,Otra orden religiosa católica
Caballero de Santiago,Otro
Basiliano,Otra orden religiosa católica
Congregação dos Cónegos Seculares de São João Evangelista,Otra orden religiosa católica
Orden de Montesa,Otro
"""Monje de San Bernardo""",Otra orden religiosa católica
"Más de una orden (primero San Antonio de Viena, luego Jerónimo)",-
Franciscano (capuchino),Franciscano
Canónigo regular de la Congregación del Salvador,Otra orden religiosa católica
Clero secular protestante,Otro
Mínimo,Otra orden religiosa católica
Clérigo menor,Otra orden religiosa católica
Concepcionista,Otra orden religiosa católica
Oblato ambrosiano,Otra orden religiosa católica
Más de un autor,-
Obregón,Otra orden religiosa católica
Jesuato,Otra orden religiosa católica
Doctrinario,Otra orden religiosa católica
Judío,Otro
Laico / ateo,Otro
