mission,mission_group,foundation_year,latitude,longitude
La Mochita,Bío-bío,1687,-36.8464407,-73.0560167
San Juan Nepomuceno,Bío-bío,1727,-37.4664138,-72.5934025
Concepción de Abipones,Chaco,1749,-29.3638396,-63.8762861
Macapillo,Chaco,1763,-25.22422,-63.819645
Miraflores,Chaco,1752,-25.3792371,-64.6717112
San José de las Petacas,Chaco,1735,-26.1181115,-63.7075524
Nuestra Señora del Rosario en San Ignacio,Chaco,1756,-23.815434,-65.058627
Valbuena,Chaco,1751,-25.2180402,-64.3917325
Achao,Chiloé,1730,-42.4725245,-73.5002502
Cailín,Chiloé,1764,-43.1701946,-73.5557851
Chonchi,Chiloé,1764,-42.6236417,-73.7836581
Concepción [Chiquitos],Chiquitos,1709,-16.1358053,-62.0225743
San Ignacio [Chiquitos],Chiquitos,1748,-16.3736776,-60.9609
San Javier [Chiquitos],Chiquitos,1691,-16.275446,-62.5242664
San José [Chiquitos],Chiquitos,1697,-17.8451374,-60.7428814
San Juan [Chiquitos],Chiquitos,1699,-17.9061608,-60.3679039
San Miguel [Chiquitos],Chiquitos,1721,-16.6977946,-60.969091
San Rafael,Chiquitos,1695,-16.7849806,-60.6828205
Santa Ana [Chiquitos],Chiquitos,1755,-16.5823503,-60.6938285
Santiago [Chiquitos],Chiquitos,1754,-18.334973,-59.5898438
Santo Corazón de Jesús,Chiquitos,1760,-17.9891827,-58.8002014
Apóstoles,Guaraníes,1632,-27.9140274,-55.7549192
Candelaria,Guaraníes,1627,-27.454194,-55.7550612
Concepción [guaraníes],Guaraníes,1620,-27.9805692,-55.5217266
Corpus,Guaraníes,1622,-27.1295328,-55.5109249
Itapúa,Guaraníes,1615,-27.3331831,-55.8657575
Jesús,Guaraníes,1685,-27.0562212,-55.7530403
La Cruz,Guaraníes,1629,-29.1786369,-56.6379775
Loreto,Guaraníes,1610,-27.3164789,-55.5346266
Nuestra Señora de Fe,Guaraníes,1651,-26.7820506,-56.946516
San Borja,Guaraníes,1690,-28.6603397,-56.0058633
San Carlos,Guaraníes,1631,-27.743392,-55.9006564
San Cosme,Guaraníes,1634,-27.3169888,-56.3310456
San Francisco Javier,Guaraníes,1629,-27.866369,-55.143
San Ignacio Guazú,Guaraníes,1610,-26.8906314,-57.0238844
San Ignacio Miní,Guaraníes,1610,-27.2552781,-55.5314362
San José [guaraníes],Guaraníes,1633,-27.7675405,-55.7780419
San Juan [guaraníes],Guaraníes,1698,-28.448256399999998,-54.3950156
San Lorenzo,Guaraníes,1691,-28.4600706,-54.7102618
San Luis Gonzaga,Guaraníes,1687,-28.4066812,-54.9611758
San Miguel [guaraníes],Guaraníes,1632,-28.5481417,-54.5555433
San Nicolás,Guaraníes,1626,-28.184079,-55.261148
Santa Ana [guaraníes],Guaraníes,1633,-27.3901661,-55.5805421
Santa María la Mayor,Guaraníes,1626,-27.8897634,-55.3450012
Santa Rosa [guaraníes],Guaraníes,1698,-26.8870957,-56.8492752
Santiago [guaraníes],Guaraníes,1657,-27.1401396,-56.7630771
Santo Ángel,Guaraníes,1707,-28.3049569,-54.2617455
Santo Tomé,Guaraníes,1632,-28.553522,-56.0469978
Santos Mártires,Guaraníes,1638,-27.4222905,-55.378089
Trinidad,Guaraníes,1706,-27.132327,-55.7020247
Yapeyú,Guaraníes,1626,-29.4714335,-56.8180429
Caribabare,Los Llanos-Casanare,1661,6.4298215,-71.841658
Casanare,Los Llanos-Casanare,1661,5.869295,-71.646477
Macaguane,Los Llanos-Casanare,1676,6.5801062,-71.7190289
Manare,Los Llanos-Casanare,1661,5.998967,-71.9518608
San Ignacio de Betoyes,Los Llanos-Casanare,1716,6.4921225,-71.5614534
San Miguel de Macuco,Los Llanos-Casanare,1725,4.7350197,-72.2166498
Surimena,Los Llanos-Casanare,1723,3.859882,-73.3141769
Tame,Los Llanos-Casanare,1661,6.4570935,-71.7661152
Concepción de Cahuapanes,Maynas,1726,-5.2496898,-76.8951714
Concepción de Jeveros,Maynas,1638,-5.2936995,-76.2855675
La Laguna,Maynas,1670,-5.2357504,-75.6818107
Nuestra Señora de los Dolores de Muratas y Sagrado Corazón de Jesús de los Jívaros,Maynas,1755,-3.4790481,-76.8227931
Presentación de Chayacuitas,Maynas,1679,-4.9419439,-76.6304192
San Francisco de Borja y Anejos,Maynas,1619,-4.4333328,-77.5602998
San José de Pinches,Maynas,1698,-2.4598884,-75.6525115
Santo Tomás de Andoas,Maynas,1707,-2.9048102,-76.4075732
Buenavista,Moxos,1723,-17.4608746,-63.6849549
Procuración de Paila,Moxos,1750,-17.6675768,-62.7972079
Santa Rosa [Moxos],Moxos,1743,-17.1106047,-63.6099816
Archidona,Maynas,1638,-0.9075786,-77.827063
Santísima Trinidad de Capocuy,Maynas,1752,-0.3971783,-76.6198111
Nombre de Jesús del Río de Napo,Maynas,1737,-0.760304,-75.749805
San Joaquín de Omaguas,Maynas,1689,-4.285833,-73.431139
